{"schema":6,"addons":[{"id":"langpack-en-US@firefox.mozilla.org","icons":{"32":"https://addons.mozilla.org/static-server/img/addon-icons/default-32.2b26add4b394.png","64":"https://addons.mozilla.org/static-server/img/addon-icons/default-64.d144b50f2bb8.png","128":"https://addons.mozilla.org/static-server/img/addon-icons/default-128.452018499894.png"},"name":"English (US) Language Pack","version":"111.0buildid20230219.190218","sourceURI":"https://addons.mozilla.org/firefox/downloads/file/4073128/english_us_language_pack-111.0buildid20230219.190218.xpi","homepageURL":null,"supportURL":null,"description":"The en-US language pack for Firefox.","fullDescription":null,"weeklyDownloads":2293,"type":"locale","creator":{"name":"Mozilla Firefox","url":"https://addons.mozilla.org/en-US/firefox/user/4757633/"},"developers":[],"screenshots":[{"url":"https://addons.mozilla.org/user-media/previews/full/82/82158.png?modified=1622132348","width":656,"height":525,"thumbnailURL":"https://addons.mozilla.org/user-media/previews/thumbs/82/82158.jpg?modified=1622132348","thumbnailWidth":500,"thumbnailHeight":400}],"contributionURL":"","averageRating":4.1789,"reviewCount":118,"reviewURL":"https://addons.mozilla.org/en-US/firefox/addon/english-us-language-pack/reviews/","updateDate":1676841759000}]}