<monitors version="2">
  <configuration>
    <logicalmonitor>
      <x>0</x>
      <y>0</y>
      <scale>1</scale>
      <primary>yes</primary>
      <monitor>
        <monitorspec>
          <connector>Virtual1</connector>
          <vendor>unknown</vendor>
          <product>unknown</product>
          <serial>unknown</serial>
        </monitorspec>
        <mode>
          <width>1440</width>
          <height>900</height>
          <rate>59.887443542480469</rate>
        </mode>
      </monitor>
    </logicalmonitor>
  </configuration>
</monitors>
