<?xml version="1.0" encoding="UTF-8"?>
<gesmes:Envelope xmlns:gesmes="http://www.gesmes.org/xml/2002-08-01" xmlns="http://www.ecb.int/vocabulary/2002-08-01/eurofxref">
	<gesmes:subject>Reference rates</gesmes:subject>
	<gesmes:Sender>
		<gesmes:name>European Central Bank</gesmes:name>
	</gesmes:Sender>
	<Cube>
		<Cube time='2023-02-17'>
			<Cube currency='USD' rate='1.0625'/>
			<Cube currency='JPY' rate='143.18'/>
			<Cube currency='BGN' rate='1.9558'/>
			<Cube currency='CZK' rate='23.715'/>
			<Cube currency='DKK' rate='7.4464'/>
			<Cube currency='GBP' rate='0.88888'/>
			<Cube currency='HUF' rate='386.61'/>
			<Cube currency='PLN' rate='4.7773'/>
			<Cube currency='RON' rate='4.9165'/>
			<Cube currency='SEK' rate='11.1983'/>
			<Cube currency='CHF' rate='0.9896'/>
			<Cube currency='ISK' rate='154.10'/>
			<Cube currency='NOK' rate='11.0150'/>
			<Cube currency='TRY' rate='20.0478'/>
			<Cube currency='AUD' rate='1.5560'/>
			<Cube currency='BRL' rate='5.5487'/>
			<Cube currency='CAD' rate='1.4366'/>
			<Cube currency='CNY' rate='7.3081'/>
			<Cube currency='HKD' rate='8.3349'/>
			<Cube currency='IDR' rate='16160.70'/>
			<Cube currency='ILS' rate='3.7850'/>
			<Cube currency='INR' rate='88.0210'/>
			<Cube currency='KRW' rate='1383.32'/>
			<Cube currency='MXN' rate='19.7313'/>
			<Cube currency='MYR' rate='4.7090'/>
			<Cube currency='NZD' rate='1.7123'/>
			<Cube currency='PHP' rate='58.831'/>
			<Cube currency='SGD' rate='1.4231'/>
			<Cube currency='THB' rate='36.741'/>
			<Cube currency='ZAR' rate='19.2650'/>
		</Cube>
	</Cube>
</gesmes:Envelope>